<?xml version="1.0" encoding="UTF-8"?>
<jobs xmlns="http://www.demandware.com/xml/impex/jobs/2015-07-01">
    <job job-id="ZakekeNotification" priority="0">
        <description/>
        <parameters/>
        <flow>
            <context site-id="Sites"/>
            <step step-id="ZakekeNotification" type="ExecuteScriptModule" enforce-restart="false">
                <description/>
                <parameters>
                    <parameter name="ExecuteScriptModule.Module">bm_zakeke/cartridge/scripts/jobs/zakOrderClosedJobLib.js</parameter>
                    <parameter name="ExecuteScriptModule.FunctionName">executeZakekeNotificationOrderClosed</parameter>
                    <parameter name="ExecuteScriptModule.Transactional">false</parameter>
                </parameters>
            </step>
        </flow>
        <rules/>
        <triggers>
            <run-recurring enabled="false">
                <recurrence>
                    <date-from>2019-09-16Z</date-from>
                    <start-time>15:15:43.000Z</start-time>
                    <interval>30m</interval>
                    <day-of-week/>
                </recurrence>
            </run-recurring>
        </triggers>
    </job>
</jobs>
