<?xml version="1.0" encoding="UTF-8"?>
<services xmlns="http://www.demandware.com/xml/impex/services/2014-09-26">
    <service-credential service-credential-id="ZakekeAPICredentials_RefArch">
        <url>https://api.zakeke.com</url>
        <user-id>11111</user-id>
        <password encrypted="true" encryption-type="common.export"></password>
    </service-credential>

    <service-profile service-profile-id="ZakekeAPIProfile">
        <timeout-millis>10000</timeout-millis>
        <rate-limit-enabled>false</rate-limit-enabled>
        <rate-limit-calls>0</rate-limit-calls>
        <rate-limit-millis>0</rate-limit-millis>
        <cb-enabled>true</cb-enabled>
        <cb-calls>2</cb-calls>
        <cb-millis>20000</cb-millis>
    </service-profile>

    <service service-id="int_zakeke.http.auth.getToken">
        <service-type>HTTP</service-type>
        <enabled>true</enabled>
        <log-prefix>ZakAPI</log-prefix>
        <comm-log-enabled>true</comm-log-enabled>
        <force-prd-enabled>false</force-prd-enabled>
        <mock-mode-enabled>false</mock-mode-enabled>
        <profile-id>ZakekeAPIProfile</profile-id>
        <credential-id>ZakekeAPICredentials_RefArch</credential-id>
    </service>

    <service service-id="int_zakeke.http.getDesignInfo">
        <service-type>HTTP</service-type>
        <enabled>true</enabled>
        <log-prefix>ZakAPI</log-prefix>
        <comm-log-enabled>true</comm-log-enabled>
        <force-prd-enabled>false</force-prd-enabled>
        <mock-mode-enabled>false</mock-mode-enabled>
        <profile-id>ZakekeAPIProfile</profile-id>
        <credential-id>ZakekeAPICredentials_RefArch</credential-id>
    </service>

    <service service-id="int_zakeke.http.getPatchProducts">
        <service-type>HTTP</service-type>
        <enabled>true</enabled>
        <log-prefix>ZakAPI</log-prefix>
        <comm-log-enabled>true</comm-log-enabled>
        <force-prd-enabled>false</force-prd-enabled>
        <mock-mode-enabled>false</mock-mode-enabled>
        <profile-id>ZakekeAPIProfile</profile-id>
        <credential-id>ZakekeAPICredentials_RefArch</credential-id>
    </service>

    <service service-id="int_zakeke.http.getRateExchanges">
        <service-type>HTTP</service-type>
        <enabled>true</enabled>
        <log-prefix>ZakAPI</log-prefix>
        <comm-log-enabled>true</comm-log-enabled>
        <force-prd-enabled>false</force-prd-enabled>
        <mock-mode-enabled>false</mock-mode-enabled>
        <profile-id>ZakekeAPIProfile</profile-id>
        <credential-id>ZakekeAPICredentials_RefArch</credential-id>
    </service>

    <service service-id="int_zakeke.http.notifyZakekeOrderClosed">
        <service-type>HTTP</service-type>
        <enabled>true</enabled>
        <log-prefix>ZakAPI</log-prefix>
        <comm-log-enabled>true</comm-log-enabled>
        <force-prd-enabled>false</force-prd-enabled>
        <mock-mode-enabled>false</mock-mode-enabled>
        <profile-id>ZakekeAPIProfile</profile-id>
        <credential-id>ZakekeAPICredentials_RefArch</credential-id>
    </service>

</services>
