<?xml version="1.0" encoding="UTF-8"?>
<metadata xmlns="http://www.demandware.com/xml/impex/metadata/2006-10-31">
	<custom-type type-id="zakOrderNotifications">
        <display-name xml:lang="x-default">ZAKEKE Order Notifications</display-name>
        <description xml:lang="x-default">Table to save requests of order notifications. Updated by job for order notifications</description>
        <staging-mode>no-staging</staging-mode>
        <storage-scope>site</storage-scope>
        <retention-days>120</retention-days>
        <key-definition attribute-id="OrderID">
            <type>string</type>
            <min-length>0</min-length>
        </key-definition>
        <attribute-definitions>
            <attribute-definition attribute-id="Message">
                <display-name xml:lang="x-default">Message</display-name>
                <type>string</type>
                <localizable-flag>false</localizable-flag>
                <mandatory-flag>false</mandatory-flag>
                <externally-managed-flag>false</externally-managed-flag>
                <min-length>0</min-length>
            </attribute-definition>
            <attribute-definition attribute-id="Status">
                <display-name xml:lang="x-default">Status</display-name>
                <description xml:lang="x-default">Status</description>
                <type>enum-of-string</type>
                <localizable-flag>false</localizable-flag>
                <mandatory-flag>true</mandatory-flag>
                <externally-managed-flag>false</externally-managed-flag>
                <value-definitions>
                    <value-definition>
                        <display xml:lang="x-default">OK</display>
                        <value>OK</value>
                    </value-definition>
                    <value-definition>
                        <display xml:lang="x-default">ERR</display>
                        <value>ERR</value>
                    </value-definition>
                    <value-definition default="true">
                        <display xml:lang="x-default">ADDED</display>
                        <value>ADDED</value>
                    </value-definition>
                </value-definitions>
            </attribute-definition>
        </attribute-definitions>
        <group-definitions>
            <attribute-group group-id="ZakNotification">
                <display-name xml:lang="x-default">Zakeke notifications</display-name>
                <attribute attribute-id="OrderID"/>
                <attribute attribute-id="Status"/>
                <attribute attribute-id="creationDate" system="true"/>
                <attribute attribute-id="Message"/>
            </attribute-group>
        </group-definitions>
    </custom-type>
</metadata>