<?xml version="1.0" encoding="UTF-8"?>
<metadata xmlns="http://www.demandware.com/xml/impex/metadata/2006-10-31">
    <type-extension type-id="Product">
        <custom-attribute-definitions>
            <attribute-definition attribute-id="ZAKEKE_is_customizable">
                <display-name xml:lang="x-default">Zakeke customizable</display-name>
                <display-name xml:lang="it">Zakeke customizzabile</display-name>
                <description xml:lang="x-default">Attribute that specifies if a product is Zakeke customizable</description>
                <description xml:lang="it">Campo che specifica se il camèpo è customizzabile tramite Zakeke</description>
                <type>boolean</type>
                <site-specific-flag>false</site-specific-flag>
                <mandatory-flag>false</mandatory-flag>
                <visible-flag>false</visible-flag>
                <externally-managed-flag>false</externally-managed-flag>
                <order-required-flag>false</order-required-flag>
                <externally-defined-flag>false</externally-defined-flag>
            </attribute-definition>
			<attribute-definition attribute-id="ZAKEKE_type">
                <display-name xml:lang="x-default">Customization plugin</display-name>
                <description xml:lang="x-default">Customization plugin type</description>
                <type>enum-of-int</type>
                <localizable-flag>false</localizable-flag>
                <site-specific-flag>false</site-specific-flag>
                <mandatory-flag>false</mandatory-flag>
                <visible-flag>false</visible-flag>
                <externally-managed-flag>false</externally-managed-flag>
                <order-required-flag>false</order-required-flag>
                <externally-defined-flag>false</externally-defined-flag>
                <value-definitions>
                    <value-definition>
                        <display xml:lang="x-default">Customizer</display>
                        <value>1</value>
                    </value-definition>
                    <value-definition default="true">
                        <display xml:lang="x-default">Composer</display>
                        <value>2</value>
                    </value-definition>
                </value-definitions>
            </attribute-definition>
        </custom-attribute-definitions>
        <group-definitions>
            <attribute-group group-id="Zakeke_ProductGroup">
                <display-name xml:lang="x-default">Zakeke Product Attributes</display-name>
                <attribute attribute-id="ZAKEKE_is_customizable"/>
                <attribute attribute-id="ZAKEKE_type"/>
            </attribute-group>
        </group-definitions>
    </type-extension>
	
    <type-extension type-id="ProductLineItem">
        <custom-attribute-definitions>
            <attribute-definition attribute-id="ZAKEKE_Composition">
                <display-name xml:lang="x-default">ZAKEKE_Composition</display-name>
                <type>string</type>
                <mandatory-flag>false</mandatory-flag>
                <externally-managed-flag>false</externally-managed-flag>
                <min-length>0</min-length>
            </attribute-definition>
            <attribute-definition attribute-id="ZAKEKE_CompositionID">
                <display-name xml:lang="x-default">ZAKEKE_CompositionID</display-name>
                <type>string</type>
                <mandatory-flag>false</mandatory-flag>
                <externally-managed-flag>false</externally-managed-flag>
                <min-length>0</min-length>
            </attribute-definition>
            <attribute-definition attribute-id="ZAKEKE_CompositionPreview">
                <display-name xml:lang="x-default">ZAKEKE_CompositionPreview</display-name>
                <type>string</type>
                <mandatory-flag>false</mandatory-flag>
                <externally-managed-flag>false</externally-managed-flag>
                <min-length>0</min-length>
            </attribute-definition>
            <attribute-definition attribute-id="ZAKEKE_CompositionPrice">
                <display-name xml:lang="x-default">ZAKEKE_CompositionPrice</display-name>
                <type>double</type>
                <mandatory-flag>false</mandatory-flag>
                <externally-managed-flag>false</externally-managed-flag>
            </attribute-definition>
			<attribute-definition attribute-id="ZAKEKE_CompositionPriceNoTaxes">
                <display-name xml:lang="x-default">ZAKEKE_CompositionPriceNoTaxes</display-name>
                <type>double</type>
                <mandatory-flag>false</mandatory-flag>
                <externally-managed-flag>false</externally-managed-flag>
            </attribute-definition>
			<attribute-definition attribute-id="ZAKEKE_CustomizationType">
                <display-name xml:lang="x-default">ZAKEKE_CustomizationType</display-name>
                <type>int</type>
                <mandatory-flag>false</mandatory-flag>
                <externally-managed-flag>false</externally-managed-flag>
            </attribute-definition>
			<attribute-definition attribute-id="ZAKEKE_Control">
                <display-name xml:lang="x-default">ZAKEKE_Control</display-name>
                <type>string</type>
                <mandatory-flag>false</mandatory-flag>
                <externally-managed-flag>false</externally-managed-flag>
                <min-length>0</min-length>
            </attribute-definition>
			 <attribute-definition attribute-id="ZAKEKE_PatchProducts">
                <display-name xml:lang="x-default">ZAKEKE Patch Products</display-name>
                <type>text</type>
                <mandatory-flag>false</mandatory-flag>
                <externally-managed-flag>false</externally-managed-flag>
            </attribute-definition>
			 <attribute-definition attribute-id="ZAKEKE_IsPatchLineItem">
                <display-name xml:lang="x-default">ZAKEKE Is PatchLineItem</display-name>
                <type>boolean</type>
                <mandatory-flag>false</mandatory-flag>
                <externally-managed-flag>false</externally-managed-flag>
            </attribute-definition>
        </custom-attribute-definitions>
        <group-definitions>
            <attribute-group group-id="ZakekeProductLineItem">
                <display-name xml:lang="x-default">Zakeke</display-name>
                <attribute attribute-id="ZAKEKE_CompositionID"/>
                <attribute attribute-id="ZAKEKE_CompositionPrice"/>
				<attribute attribute-id="ZAKEKE_CompositionPriceNoTaxes"/>
                <attribute attribute-id="ZAKEKE_CompositionPreview"/>
                <attribute attribute-id="ZAKEKE_Composition"/>
				<attribute attribute-id="ZAKEKE_CustomizationType"/>
				<attribute attribute-id="ZAKEKE_Control"/>
				<attribute attribute-id="ZAKEKE_PatchProducts"/>
                <attribute attribute-id="ZAKEKE_IsPatchLineItem"/>
            </attribute-group>
        </group-definitions>
    </type-extension>
	
    <type-extension type-id="SitePreferences">
        <custom-attribute-definitions>
            <attribute-definition attribute-id="ZAKEKE_ApiCredential">
                <display-name xml:lang="x-default">Zakeke credential name</display-name>
                <description xml:lang="x-default">Zakeke API credential name</description>
                <type>string</type>
                <mandatory-flag>true</mandatory-flag>
                <externally-managed-flag>false</externally-managed-flag>
                <min-length>0</min-length>
                <default-value>ZakekeAPICredentials_&lt;SiteName&gt;</default-value>
            </attribute-definition>
            <attribute-definition attribute-id="ZAKEKE_Email_From">
                <display-name xml:lang="x-default">Notification email from</display-name>
                <type>string</type>
                <mandatory-flag>true</mandatory-flag>
                <externally-managed-flag>false</externally-managed-flag>
                <min-length>0</min-length>
            </attribute-definition>
            <attribute-definition attribute-id="ZAKEKE_Email_To">
                <display-name xml:lang="x-default">Notification email to</display-name>
                <type>string</type>
                <mandatory-flag>true</mandatory-flag>
                <externally-managed-flag>false</externally-managed-flag>
                <min-length>0</min-length>
                <default-value>info@zakeke.it</default-value>
            </attribute-definition>
            <attribute-definition attribute-id="ZAKEKE_Enabled">
                <display-name xml:lang="x-default">Zakeke enabled</display-name>
                <description xml:lang="x-default">Is Zakeke functionalities enabled?</description>
                <type>boolean</type>
                <mandatory-flag>true</mandatory-flag>
                <externally-managed-flag>false</externally-managed-flag>
                <default-value>false</default-value>
            </attribute-definition>
            <attribute-definition attribute-id="ZAKEKE_Url">
                <display-name xml:lang="x-default">Zakeke url</display-name>
                <description xml:lang="x-default">Zakeke url</description>
                <type>string</type>
                <mandatory-flag>true</mandatory-flag>
                <externally-managed-flag>false</externally-managed-flag>
                <min-length>0</min-length>
                <default-value>https://www.zakeke.com</default-value>
            </attribute-definition>
			<attribute-definition attribute-id="ZAKEKE_EnableStockTracking">
                <display-name xml:lang="x-default">ZAKEKE Enable Stock Tracking</display-name>
                <type>boolean</type>
                <mandatory-flag>false</mandatory-flag>
                <externally-managed-flag>false</externally-managed-flag>
                <default-value>false</default-value>
            </attribute-definition>
			<attribute-definition attribute-id="ZAKEKE_ShowPatchProduct">
                <display-name xml:lang="x-default">ZAKEKE Show Patch Product</display-name>
                <type>boolean</type>
                <mandatory-flag>false</mandatory-flag>
                <externally-managed-flag>false</externally-managed-flag>
                <default-value>true</default-value>
            </attribute-definition>
        </custom-attribute-definitions>
        <group-definitions>
            <attribute-group group-id="ZAKEKE Configs">
                <display-name xml:lang="x-default">ZAKEKE Configs</display-name>
                <attribute attribute-id="ZAKEKE_Enabled"/>
                <attribute attribute-id="ZAKEKE_Url"/>
                <attribute attribute-id="ZAKEKE_ApiCredential"/>
                <attribute attribute-id="ZAKEKE_Email_From"/>
                <attribute attribute-id="ZAKEKE_Email_To"/>
                <attribute attribute-id="ZAKEKE_EnableStockTracking"/>
				<attribute attribute-id="ZAKEKE_ShowPatchProduct"/>
            </attribute-group>
        </group-definitions>
    </type-extension>
</metadata>

